escritor,data_morte,classificacao_causa,confianca,chunk_1,chunk_2,chunk_3,resposta_modelo
Rachel de Queiroz,4 de novembro de 2003,problema_cardiaco,ALTA,"Em 1945, o casal passa a morar na Ilha do Governador, no Rio de Janeiro, local muito querido pela escritora. Devido às leis acerca do divórcio vigentes na época, Rachel e Oyama se casaram formalmente apenas em 1977, união que duraria até à morte do marido, em 1982. Rachel de Queiroz faleceu em 4 de novembro de 2003, vítima de problemas cardíacos, no seu apartamento no Rio de Janeiro, dias antes de completar 93 anos. Foi enterrada no cemitério São João Batista, sob a rede onde costumava dormir.","Rachel de Queiroz  (Fortaleza, 17 de novembro de 1910 – Rio de Janeiro, 4 de novembro de 2003) foi uma escritora, jornalista, tradutora, cronista prolífica e importante dramaturga brasileira. É considerada uma das maiores escritoras brasileiras do século XX, tendo sido uma figura pioneira no cenário literário nacional, sobretudo, na produção intelectual e criativa feminina. A escritora foi uma das primeiras cronistas mulheres do país.","Sempre o homem em face do destino. Assim, em O Galo de Ouro. E supremamente assim em Dôra, Doralina."" A escritora Nélida Piñon, descreveu-a como ""(...) uma interlocutora que dispensava símbolos, evasivas, tergiversações (...) Aquela mulher de caráter simpático, mas indomável, era fascinante"" No dia 4 de dezembro de 2003, um mês depois de sua morte, foi lançado na Academia Brasileira de Letras o livro Rachel de Queiroz, um perfil biográfico da escritora, fruto de uma longa pesquisa realizada pela jornalista Socorro Acioli, publicado pelas Edições Demócrito Rocha.","EVIDENCIAS: ""faleceu em 4 de novembro de 2003, vítima de problemas cardíacos, no seu apartamento no Rio de Janeiro""

RACIOCINIO: O texto menciona explicitamente ""problemas cardíacos"", termo que engloba condições como infarto, insuficiência cardíaca ou arritmia, encaixando-se claramente na categoria de causas cardíacas.

CLASSE: problema_cardiaco

DATA_MORTE: 4 de novembro de 2003

CONFIANCA: ALTA"
Cruz e Sousa,19 de março de 1898,doenca_respiratoria,ALTA,"Os poetas frequentemente trocavam cartas apesar de a distância os ter separado. Morreu em 19 de março de 1898 em Minas Gerais, na localidade de Curral Novo, então pertencente ao município de Barbacena. Em 1948, a localidade se emancipou e passou a se chamar Antônio Carlos. Cruz e Sousa estava em Curral Novo pois fora transportado às pressas vencido pela tuberculose. Teve o seu corpo transportado para o Rio de Janeiro em um vagão destinado ao transporte de cavalos.","João da Cruz e Sousa (Nossa Senhora do Desterro, 24 de novembro de 1861 — Curral Novo, 19 de março de 1898) foi um poeta brasileiro, reconhecido como o primeiro e o principal expoente do simbolismo no Brasil. Filho de escravos alforriados, teve a vida marcada pela negritude e pela causa abolicionista, pelo que recebeu as alcunhas de Dante Negro, Cisne Negro e Poeta Negro.","Cruz e Sousa militou, sim, contra a escravidão. Tanto da forma mais corriqueira, fundando jornais e proferindo palestras por exemplo, participando, curiosamente, da campanha antiescravagista promovida pela sociedade carnavalesca Diabo a quatro, quanto nos seus textos abolicionistas.","EVIDENCIAS: [""vencido pela tuberculose"", ""Cruz e Sousa estava em Curral Novo pois fora transportado às pressas vencido pela tuberculose"", ""Morreu em 19 de março de 1898 em Minas Gerais, na localidade de Curral Novo""]

RACIOCINIO: O texto cita explicitamente que ele foi ""vencido pela tuberculose"". Tuberculose é uma doença infecciosa que afeta primariamente o aparelho respiratório e está listada nas correspondências da classe ""doença respiratória"" (p.ex. pneumonia, tuberculose, enfisema). Não há menção a outra causa concorrente ou determinante.

CLASSE: doenca_respiratoria

DATA_MORTE: 19 de março de 1898

CONFIANCA: ALTA"
Alphonsus de Guimaraens,15 de julho de 1921,desconhecida,ALTA,"Afonso Henrique da Costa Guimarães (Ouro Preto, 24 de julho de 1870 – Mariana, 15 de julho de 1921), mais conhecido como Alphonsus de Guimaraens, foi um poeta brasileiro, considerado um dos principais representantes do simbolismo no Brasil. Seus poemas versavam de maneira obsessiva a morte da mulher amada e apresentavam um ritmo melódico e um misticismo católico, temas centrais em livros como Câmara Ardente, com influências barrocas, românticas e decadentistas.","Alphonsus de Guimaraens era filho de Albino da Costa Guimarães, comerciante nascido em Cepães, Braga, Portugal,  e de Francisca de Paula Guimarães Alvim, sobrinha do poeta Bernardo Guimarães, portanto, era sobrinho-neto de Bernardo. Matriculou-se, em 1887, na Faculdade de Engenharia. Perdeu prematuramente (1889) a prima e noiva Constança, filha de Bernardo Guimarães, o que o abalou moral e fisicamente.","Após recusar um posto de destaque no jornal A Gazeta, Alphonsus foi nomeado para a direção do jornal político Conceição do Serro, onde também colaborariam seu irmão, o poeta Archangelus de Guimaraens, Cruz e Souza e José Severino de Resende. Em 1906, tornou-se juiz municipal de Mariana, MG, para onde se transferiu com sua esposa Zenaide de Oliveira, com quem teve 15 filhos, dois dos quais também escritores: João Alphonsus (1901–1944) e Alphonsus de Guimaraens Filho (1918–2008).","EVIDENCIAS: Texto informa a data e local de óbito ""Mariana, 15 de julho de 1921"" e descreve biografia sem mencionar qualquer causa ou circunstâncias da morte.

RACIOCINIO: Não há no texto qualquer referência a doença, acidente, suicídio, homicídio ou outra causa médica/externa. Pelo critério de só usar informações presentes, a causa é indefinida no contexto fornecido.

CLASSE: desconhecida

DATA_MORTE: 15 de julho de 1921

CONFIANCA: ALTA"
Vinícius de Moraes,9 de julho de 1980,desconhecida,ALTA,"Marcus Vinícius da Cruz de Mello Moraes (Rio de Janeiro, 19 de outubro de 1913 – Rio de Janeiro, 9 de julho de 1980), mais conhecido como Vinicius de Moraes, foi um poeta, dramaturgo, jornalista, diplomata, cantor e compositor brasileiro. Poeta essencialmente lírico, o que lhe renderia o apelido ""Poetinha"", que lhe teria atribuído Tom Jobim, notabilizou-se pelos seus sonetos.","Vinícius foi anistiado (post-mortem) pela Justiça em 1998. A Câmara dos Deputados aprovou em fevereiro de 2010 a promoção póstuma do poeta ao cargo de ""ministro de primeira classe"" do Ministério das Relações Exteriores - o equivalente a embaixador, que é o cargo mais alto da carreira diplomática. A lei foi publicada no Diário Oficial do dia 22 de junho de 2010 e recebeu o número 12 265.","Vinicius de Moraes nasceu em 1913 no bairro da Gávea, no Rio de Janeiro, filho de Clodoaldo Pereira da Silva Moraes, funcionário da Prefeitura, poeta e violinista amador, e Lydia Cruz de Moraes, pianista amadora. Vinícius é o segundo de quatro filhos, Lygia (1911), Laetitia (1916) e Helius (1918). Mudou-se com a família para o bairro de Botafogo em 1916, onde iniciou os seus estudos na Escola Primária Afrânio Peixoto. Desde então, já demonstrava interesse em escrever poesias.","EVIDENCIAS: Texto informa apenas que ""passou o dia anterior com o parceiro Toquinho"", ""Foi sepultado no Cemitério de São João Batista"" e a data do óbito ""9 de julho de 1980"". Não há menção de infarto, câncer, acidente, doença, suicídio ou qualquer causa médica/violenta.

RACIOCINIO: O contexto traz detalhes sobre os últimos dias e o sepultamento, mas não descreve nenhuma condição médica, evento traumático ou causa da morte. Pela regra de analisar apenas as informações fornecidas, não é possível atribuir uma causa específica.

CLASSE: desconhecida

DATA_MORTE: 9 de julho de 1980

CONFIANCA: ALTA"
Rubem Fonseca,15 de abril de 2020,problema_cardiaco,ALTA,"Rubem Fonseca sofreu um infarto em seu apartamento no bairro Leblon no dia 15 de abril de 2020. Foi socorrido no Hospital Samaritano, mas não resistiu e veio a falecer. Rubem Fonseca inaugurou algo novo na literatura brasileira contemporânea, que foi chamada, como brutalista, em 1975 através de Alfredo Bosi. Em seus contos e romances utiliza-se uma maneira de contar, na qual destacam-se personagens que são narradores.","José Rubem Fonseca (Juiz de Fora, 11 de maio de 1925 — Rio de Janeiro, 15 de abril de 2020) foi um contista, romancista, ensaísta e roteirista brasileiro. Formado em Direito, exerceu várias atividades antes de dedicar-se inteiramente à literatura. Em 2003, venceu o Prémio Camões, o mais prestigiado galardão literário para a língua portuguesa. Rubem Fonseca nasceu em Juiz de Fora, Minas Gerais, em 1925. Era filho de portugueses transmontanos, emigrados para o Brasil.","Reconhecidamente uma pessoa que, como Dalton Trevisan, adora o anonimato, era descrito por amigos como uma pessoa simples, afável e de ótimo humor. As obras de Rubem Fonseca geralmente retratam, em estilo seco e direto, a luxúria e a violência urbana, em um mundo onde marginais, assassinos, prostitutas, miseráveis e delegados se misturam.","EVIDENCIAS: ""sofreu um infarto em seu apartamento no bairro Leblon no dia 15 de abril de 2020. Foi socorrido no Hospital Samaritano, mas não resistiu e veio a falecer.""

RACIOCINIO: O texto cita explicitamente ""infarto"", termo médico que corresponde a um evento cardíaco (infarto do miocárdio). Essa causa é direta e determinante do óbito segundo o relato.

CLASSE: problema_cardiaco

DATA_MORTE: 15 de abril de 2020

CONFIANCA: ALTA"
Raimundo Correia,13 de setembro de 1911,desconhecida,ALTA,"Ao analisar a obra de Raimundo Correia percebe-se que há nela uma evolução. Ele iniciou sua carreira como romântico, depois adotou o parnasianismo e, em alguns poemas aproximou-se da escola simbolista. Faleceu em 13 de setembro de 1911, em Paris, onde foi tratar da saúde. A lista a seguir apresenta os principais livros publicados por Raimundo Correia em vida.","Raimundo da Mota de Azevedo Correia (São Luís, 13 de maio de 1859 — Paris, 13 de setembro de 1911) foi um juiz e poeta brasileiro, um dos principais representantes do Parnasianismo no Brasil. Sua produção lírica, reunida e organizada em diferentes edições sob o título geral Poesias, encontra-se descrita de forma sistemática no verbete Obra poética de Raimundo Correia. Nasceu a bordo do navio São Luís, ancorado em águas maranhenses, em 1859.","Teve um tio homônimo (1838-1889), que foi juiz. Teve também um sobrinho que levou seu nome, Raimundo Correia Sobrinho, formado em direito e poeta como o tio, que escreveu um livro de poesias, Oração aos Aflitos, publicado em 1945 pela Livraria José Olympio Editora. Raimundo Correia iniciou a sua carreira poética com o livro Primeiros sonhos, revelando forte influência dos poetas românticos Fagundes Varela, Casimiro de Abreu e Castro Alves.","EVIDENCIAS: [""Faleceu em 13 de setembro de 1911, em Paris, onde foi tratar da saúde."", ""foi tratar da saúde"" (implica enfermidade, sem especificação)]

RACIOCINIO: O texto apenas informa que Raimundo Correia faleceu em Paris, onde havia ido ""tratar da saúde"", sem mencionar doença, sintoma ou causa específica (por exemplo, pneumonia, tuberculose, câncer, infarto etc.). Não há indicação clara que permita classificar a morte em nenhuma das categorias médicas fornecidas. Pela regra de analisar apenas as informações do contexto, a causa permanece não especificada.

CLASSE: desconhecida
DATA_MORTE: 13 de setembro de 1911
CONFIANCA: ALTA"
Érico Veríssimo,28 de novembro de 1975,problema_cardiaco,ALTA,"Em 28 de novembro de 1975, morre vítima de um infarto. Em uma sexta-feira, dia 28 de novembro de 1975, aproximadamente às 21h15, Verissimo teve um infarto enquanto assistia televisão em sua casa em Petrópolis, bairro nobre de Porto Alegre. Pouco antes, havia conversado longamente por telefone com Jorge Andrade, autor de O Grito, novela das dez da Rede Globo à qual Érico pretendia assistir naquela noite.","Érico Lopes Veríssimo (Cruz Alta, 17 de dezembro de 1905 – Porto Alegre, 28 de novembro de 1975) foi um escritor brasileiro. Com uma prosa simples e de fácil leitura, tornou-se um dos escritores mais populares da literatura brasileira. Em 1932, publicou seu primeiro livro, Fantoches, e em 1938 obteve sucesso com o romance Olhai os Lírios do Campo, que lhe deu projeção nacional como escritor.","Está sepultado no Cemitério São Miguel e Almas. Por ocasião do falecimento de Érico, Carlos Drummond de Andrade publicou o poema A falta de Erico Verissimo. O escritor Jorge Amado afirmou que ""o Brasil perdeu seu principal romancista[...] Ele foi um dos maiores ficcionistas contemporâneos e sua obra engrandece qualquer um de nós.","EVIDENCIAS: ""morre vítima de um infarto""; ""teve um infarto enquanto assistia televisão em sua casa""; ""aproximadamente às 21h15""; menção anterior: ""Em 1961, Érico sofreu seu primeiro infarto do miocárdio"".

RACIOCINIO: O texto descreve explicitamente que Érico Veríssimo sofreu um infarto no dia de sua morte, termo que corresponde a um evento cardíaco (infarto do miocárdio). Há também referência a um infarto prévio em 1961, reforçando histórico cardiológico. Portanto a causa determinante é um problema cardíaco.

CLASSE: problema_cardiaco

DATA_MORTE: 28 de novembro de 1975

CONFIANCA: ALTA"
Hilda Hilst,4 de fevereiro de 2004,complicacoes_cirurgicas,ALTA,"Internada havia 35 dias no Hospital das Clínicas da Unicamp para a realização de uma cirurgia, após sofrer uma queda que causou uma fratura no fêmur, a escritora tinha deficiência crônica cardíaca e pulmonar, o que agravou seu quadro clínico. Hilda Hilst deu entrada no Hospital das Clínicas no dia primeiro de janeiro. A escritora teve falência múltipla de órgãos e sistemas. Após seu falecimento, Mora Fuentes liderou a criação do Instituto Hilda Hilst.","Hilda de Almeida Prado Hilst, mais conhecida como Hilda Hilst, (Jaú, 21 de abril de 1930 — Campinas, 4 de fevereiro de 2004) foi uma escritora, poeta, ficcionista, cronista e dramaturga brasileira. É considerada pela crítica especializada como uma das maiores escritoras em língua portuguesa do século XX. Seu trabalho aborda temas como misticismo, insanidade, erotismo e libertação sexual feminina.","Em 2018, a Editora Quelônio publica Eu sou a Monstra: Hilda Hilst para crionças e inaugura a presença da poética hilstiana no mercado de livros infantis. O livro traz o único texto de Hilda voltado para crianças: um poema escrito para presentear e homenagear Daniel Fuentes, filho do amigo Mora Fuentes e atual presidente do Instituto Hilda Hilst - IHH.. A escritora Hilda Hilst morreu na madrugada do dia 4 de fevereiro de 2004, aos 73 anos, em Campinas (interior de São Paulo).","EVIDENCIAS: ""Internada havia 35 dias ... para a realização de uma cirurgia, após sofrer uma queda que causou uma fratura no fêmur""; ""tinha deficiência crônica cardíaca e pulmonar, o que agravou seu quadro clínico""; ""A escritora teve falência múltipla de órgãos e sistemas.""; ""A escritora Hilda Hilst morreu na madrugada do dia 4 de fevereiro de 2004"".

RACIOCINIO: O texto indica que Hilda Hilst foi internada para cirurgia decorrente de uma queda com fratura do fêmur e que desenvolveu falência múltipla de órgãos. A sequência sugere que o óbito ocorreu após o procedimento/hospitalização, com falência orgânica como desfecho agravado por doenças cardíacas e pulmonares crônicas. A causa determinante mais adequada, segundo o contexto fornecido, é complicação relacionada ao procedimento/cuidado cirúrgico pós-trauma.

CLASSE: complicacoes_cirurgicas

DATA_MORTE: 4 de fevereiro de 2004

CONFIANCA: ALTA"
Oswald de Andrade,22 de outubro de 1954,problema_cardiaco,ALTA,"José Oswald de Sousa de Andrade, apelidado de Oswald de Andrade, (São Paulo, 11 de janeiro de 1890 – São Paulo, 22 de outubro de 1954) foi um poeta, escritor, advogado, ensaísta e dramaturgo brasileiro. Figura-chave do modernismo no Brasil, escreveu o Manifesto da Poesia Pau-Brasil e o Manifesto Antropófago. Era filho único de José Oswald Nogueira de Andrade e de Inês Henriqueta Inglês de Sousa de Andrade (irmã do escritor Inglês de Sousa). Formou-se em Direito no Largo São Francisco em 1919.","Este foi o último casamento de Oswald, que permaneceu casado até seu falecimento, em 1954. Ele faleceu aos 64 anos, em seu quarto, vítima de um infarto. Ele foi sepultado no jazigo da família, no Cemitério da Consolação, junto aos seus pais e avós.","Treze dias depois, Deisi morreu e foi enterrada no Cemitério da Consolação. Poucos meses antes, em fevereiro de 1919, o pai de Oswald morreu em decorrência de uma crise causada pela arteriosclerose. Oswald mudou-se para um hotel próximo ao viaduto do Chá, enquanto Kamiá e Nonê foram para uma casa na rua Pedro Taques.","EVIDENCIAS: [""Ele faleceu aos 64 anos, em seu quarto, vítima de um infarto."", ""São Paulo, 22 de outubro de 1954 (data de falecimento)""]

RACIOCINIO: O texto menciona explicitamente ""infarto"", que é um evento cardíaco agudo (infarto do miocárdio) e se enquadra diretamente na categoria de problema cardíaco. Não há menção de causas concorrentes que indiquem outra classificação.

CLASSE: problema_cardiaco

DATA_MORTE: 22 de outubro de 1954

CONFIANCA: ALTA"
Rubem Braga,19 de dezembro de 1990,cancer,ALTA,"Rubem Braga (Cachoeiro de Itapemirim, 12 de janeiro de 1913 — Rio de Janeiro, 19 de dezembro de 1990) foi um escritor lembrado como um dos melhores cronistas brasileiros. Iniciou-se no jornalismo profissional ainda estudante, aos 15 anos, no Correio do Sul, de Cachoeiro de Itapemirim, fazendo reportagens e assinando crônicas diárias no jornal Diário da Tarde. Formou-se pela Faculdade de Direito de Belo Horizonte, em 1932, mas não exerceu a profissão.","Rubem Braga fez diversas viagens ao exterior, onde desempenhou função diplomática em Rabat, Marrocos, atuando também como correspondente de jornais brasileiros. Após seu regresso, exerceu o jornalismo em várias cidades do país, fixando domicílio no Rio de Janeiro, onde escreveu crônicas e críticas literárias para o Jornal Hoje, da Rede Globo.","O novo acesso, que conta com duas torres com dois elevadores ligando a Rua Barão da Torre ao Morro do Cantagalo, recebeu o nome de Complexo Rubem Braga, em homenagem ao escritor que por anos morou na cobertura do prédio vizinho à estação. Rubem Braga sofria de câncer de laringe e decidiu não ser submeter a tratamentos químicos ou cirúrgicos. Morreu de insuficiência respiratória no Hospital Samaritano, em Botafogo. Quando soube do câncer registrou em cartório o desejo de ser cremado.","EVIDENCIAS: ""sofria de câncer de laringe""; ""decidiu não ser submeter a tratamentos químicos ou cirúrgicos""; ""Morreu de insuficiência respiratória no Hospital Samaritano, em Botafogo.""

RACIOCINIO: O texto indica explicitamente que Rubem Braga tinha câncer de laringe e recusou tratamentos, e que morreu em consequência de insuficiência respiratória. A insuficiência respiratória aparece como causa imediata, mas está claramente relacionada ao câncer laríngeo (doença subjacente e determinante do quadro respiratório). Portanto a classificação principal é câncer.

CLASSE: cancer
DATA_MORTE: 19 de dezembro de 1990
CONFIANCA: ALTA"
Carlos Drummond de Andrade,17 de agosto de 1987,problema_cardiaco,ALTA,"Carlos Drummond de Andrade (Itabira, 31 de outubro de 1902 – Rio de Janeiro, 17 de agosto de 1987) foi um poeta, farmacêutico, contista e cronista brasileiro, considerado por muitos o mais influente poeta brasileiro do século XX. Drummond foi um dos principais poetas da segunda geração do modernismo brasileiro, embora sua obra não se restrinja a formas e temáticas de movimentos específicos.","Existe colaboração de sua autoria no semanário Mundo Literário (1946–1948) e na revista luso-brasileira Atlântico Durante a maior parte da vida, Drummond foi funcionário público, embora tenha começado a escrever cedo e prosseguisse escrevendo até sua morte, que se deu em 1987 no Rio de Janeiro, doze dias após a morte de sua filha. Além de poesia, produziu livros infantis, contos e crônicas. Sua morte ocorreu por infarto do miocárdio e insuficiência respiratória.","/ Não ame. Em 1925, casou-se com Dolores Dutra de Morais, com quem teve dois filhos, Carlos Flávio, que viveu apenas meia hora (e a quem é dedicado o poema ""O que viveu meia hora"", presente em Poesia completa, Ed. Nova Aguilar, 2002), e Maria Julieta Drummond de Andrade. Em 1987, meses antes de sua morte, a escola de samba Mangueira o homenageou no Carnaval com o enredo ""O Reino das Palavras"", sagrando-se campeã do Carnaval Carioca naquele ano.","EVIDENCIAS: ""Sua morte ocorreu por infarto do miocárdio e insuficiência respiratória.""

RACIOCINIO: O texto menciona explicitamente ""infarto do miocárdio"", que é uma condição cardíaca (infarto). Embora também cite ""insuficiência respiratória"", o infarto do miocárdio é uma causa cardíaca primária e determinante; por isso a classe mais adequada é problema_cardiaco.

CLASSE: problema_cardiaco

DATA_MORTE: 17 de agosto de 1987

CONFIANCA: ALTA"
Joaquim Manuel de Macedo,11 de abril de 1882,desconhecida,ALTA,"Joaquim Manuel de Macedo (Itaboraí, 24 de junho de 1820 — Itaboraí, 11 de abril de 1882) foi um médico, jornalista, escritor, professor, romancista, poeta, literato, teatrólogo, memorialista e político brasileiro. É o patrono da cadeira 20 da Academia Brasileira de Letras. Joaquim Manuel de Macedo nasceu em Itaboraí em 1820.","Em 1849 fundou, juntamente com Gonçalves Dias e Manuel de Araújo Porto-Alegre, a revista Guanabara, que publicou grande parte do seu poema-romance A nebulosa — considerado por críticos como um dos melhores do Romantismo. Foi membro do Conselho Diretor da Instrução Pública da Corte (1866). Joaquim Manuel de Macedo abandonou a medicina e criou uma forte ligação com Dom Pedro II e com a Família Imperial Brasileira, chegando a ser preceptor e professor dos filhos da Princesa Isabel.","Joaquim Manuel de Macedo nasceu em Itaboraí em 1820. Em 1844 formou-se em Medicina no Rio de Janeiro e, no mesmo ano, estreou na literatura com a publicação daquele que viria a ser seu romance mais conhecido, A Moreninha, que lhe deu fama e fortuna imediata. Além de médico, Macedo foi jornalista, professor de Geografia e História do Brasil no Colégio Pedro II, e sócio fundador, secretário e orador do Instituto Histórico e Geográfico Brasileiro, desde 1845.","EVIDENCIAS: [""Nos últimos anos de vida padeceu de problemas mentais, morrendo pouco antes de completar 62 anos."", ""Itaboraí, 11 de abril de 1882"" (data de óbito)]

RACIOCINIO: O texto menciona que Macedo ""padeceu de problemas mentais"" nos últimos anos, mas não atribui explicitamente a morte a essa condição nem descreve um diagnóstico médico (por exemplo, doença neurológica específica, suicídio, infecção, AVC etc.). Pelo critério de analisar apenas as informações fornecidas, não há causa determinante indicada; portanto a classificação deve ser ""desconhecida"".

CLASSE: desconhecida

DATA_MORTE: 11 de abril de 1882

CONFIANCA: ALTA"
Cassiano Ricardo,14 de janeiro de 1974,desconhecida,ALTA,"Cassiano Ricardo Leite (São José dos Campos, 26 de julho de 1895 — Rio de Janeiro, 14 de janeiro de 1974) foi um jornalista, poeta e ensaísta brasileiro.","Além disso, Cassiano considerava, compreensivelmente, em função das diferenças de fundo entre a poesia concreta e a sua, os poetas concretistas ""radicais demais"". Estes desacordos levaram ao seu afastamento do grupo. Na cidade de São Paulo, no bairro do Tatuapé, existe uma biblioteca que homenageia o escritor Cassiano Ricardo.","Fundada em 1952 e administrada pela Prefeitura de São Paulo, a instituição passou a se chamar Biblioteca Pública Cassiano Ricardo em janeiro de 2008, por meio do Decreto nº 49.172. Posteriormente, em dezembro de 2016, teve sua denominação atualizada para Biblioteca Pública Municipal Cassiano Ricardo, conforme o Decreto nº 57.528. Desde 1967, por lei municipal, é comemorado em outubro a Semana Cassiano Ricardo em São José dos Campos, cidade natal do poeta..","EVIDENCIAS: ""Cassiano Ricardo Leite (São José dos Campos, 26 de julho de 1895 — Rio de Janeiro, 14 de janeiro de 1974)""; no outra passagem do texto menciona causa, doença ou circunstância da morte.

RACIOCINIO: O texto informa apenas local e data de falecimento; não há nenhum termo médico, evento (acidente, assassinato, suicídio) ou descrição de enfermidade que permita inferir uma causa. Seguindo a regra de analisar somente as informações presentes, a causa deve ser classificada como desconhecida.

CLASSE: desconhecida
DATA_MORTE: 14 de janeiro de 1974
CONFIANCA: ALTA"
Monteiro Lobato,4 de julho de 1948,avc,ALTA,"Dois dias após conceder a Murilo Antunes Alves, da Rádio Record, a sua última entrevista, na qual defendeu a Campanha de O Petróleo é Nosso, Monteiro Lobato sofreu um segundo espasmo cerebral e morreu às 4 horas da madrugada, ao lado de sua esposa, Maria Pureza (a Purezinha), sua filha Ruth e o ascensorista Antônio Augusto (que havia ido até eles em resposta aos gritos de Ruth por ajuda), no dia 4 de julho de 1948, aos 66 anos de idade.","Sob forte comoção nacional, seu corpo foi velado na Biblioteca Municipal de São Paulo e o sepultamento realizado no Cemitério da Consolação. O Repórter Esso, na voz de Heron Domingues, assim anunciou sua morte, depois de um pequeno silêncio: …E agora uma notícia que entristece a todos: Acaba de falecer o grande escritor patrício Monteiro Lobato! Sua vida e sua obra ainda hoje servem de inspiração e exemplo para milhares de crianças, jovens e adultos do Brasil.","Mesmo em liberdade, Monteiro Lobato não teve mais tranquilidade, e seu filho mais velho, Edgar, morreu em fevereiro de 1942, exatamente três anos depois do falecimento de Guilherme. Em 1943, foi fundada a Editora Brasiliense por Caio Prado Júnior, que negociou com Lobato a publicação de suas obras completas. Logo em seguida, por ironia do destino, recusou a indicação para a Academia Brasileira de Letras.","EVIDENCIAS: ""sofreu um segundo espasmo cerebral e morreu"", ""morreu às 4 horas da madrugada"", ""no dia 4 de julho de 1948"", idade 66 anos.

RACIOCINIO: O texto menciona explicitamente ""espasmo cerebral"" — termo que se refere a um evento cerebrovascular (derrame). Por ser descrito como um segundo episódio e como causa imediata da morte, a classificação adequada é acidente vascular cerebral (AVC).

CLASSE: avc

DATA_MORTE: 4 de julho de 1948

CONFIANCA: ALTA"
Guimarães Rosa,19 de novembro de 1967,problema_cardiaco,ALTA,"Biografia e ficção fundem-se e confundem-se nas páginas enigmáticas de João Guimarães Rosa, morto prematuramente aos 59 anos de idade, no ápice de sua carreira literária e diplomática. Imortal, foi sepultado no Mausoléu da Academia Brasileira de Letras no Cemitério de São João Batista na cidade do Rio de Janeiro. As questões existenciais e religiosas impactaram a obra de Rosa.","João Guimarães Rosa OMC (Cordisburgo, 27 de junho de 1908 – Rio de Janeiro, 19 de novembro de 1967) foi um escritor e poeta identificado com a terceira geração do modernismo no Brasil e reconhecido por muitos como o maior escritor brasileiro do século XX. Seu estilo era marcado por neologismos, coloquialidade e fluxo de consciência e sua ficção se ambientava no sertão mineiro.","Seu laudo médico atestou um infarto. Realismo mágico, regionalismo, liberdade de invenções linguísticas e neologismos são algumas das características fundamentais da literatura de Guimarães Rosa, mas não as suficientes para explicar seu sucesso. Guimarães Rosa prova o quão importante é ter a linguagem a serviço da temática e vice-versa, uma potencializando a outra.","EVIDENCIAS: ""Seu laudo médico atestou um infarto.""; ""morto prematuramente aos 59 anos de idade""; data de óbito mencionada: ""19 de novembro de 1967"".

RACIOCINIO: O texto afirma explicitamente que o laudo médico confirmou ""infarto"", que é um episódio de insuficiência do fluxo sanguíneo ao coração (infarto agudo do miocárdio), enquadrando-se claramente como um problema cardíaco. Não há menção de outra causa concorrente.

CLASSE: problema_cardiaco

DATA_MORTE: 19 de novembro de 1967

CONFIANCA: ALTA"
Raul Pompeia,25 de dezembro de 1895,desconhecida,ALTA,"Raul  d'Ávila Pompeia (Angra dos Reis, 12 de abril de 1863 — Rio de Janeiro, 25 de dezembro de 1895) foi um escritor brasileiro, conhecido por sua obra O Ateneu. Pompeia nasceu no dia 12 de abril de 1863, em Jacuecanga, município de Angra dos Reis/RJ. Filho de família abastada, cujo pai, Antônio d'Ávila Pompeia, era magistrado e a mãe, Rosa Teixeira Pompeia, era dona-de-casa, herdeira de ricos comerciantes portugueses.","Sem exercer a advocacia, Raul Pompeia passou a escrever em vários jornais, dentre os quais o Gazeta de Notícias, jornal pelo qual publicaria O Ateneu, uma crônica de saudades, que lhe deu consagração dentre a crítica. Além de usar o próprio nome, escrevia sob pseudônimos, como Pompeo Stell, Raulino Palma e Rapp. Com a queda do Império em 1889, Pompeia foi empossado Presidente da Academia de Belas Artes.","Sílvio Romero também fala do estilo de Raul Pompeia. Há um capítulo do livro História da Literatura Brasileira, intitulado Retrospecto Literário (1888), em que o crítico faz um apanhado geral de alguns autores do ano de 1888, comparando suas obras, figurando dentre eles Raul Pompeia (os outros romances são A Carne, de Júlio Ribeiro; O Homem, de Aluísio Azevedo; O Cromo, de Horário de Carvalho e Hortênsia, de Marques de Carvalho.","EVIDENCIAS: ""Raul d'Ávila Pompeia (Angra dos Reis, 12 de abril de 1863 — Rio de Janeiro, 25 de dezembro de 1895)""; no menção a causa, sintomas ou circunstâncias de sua morte no texto fornecido.

RACIOCINIO: O texto informa apenas a data e o local de falecimento, sem indicar qualquer doença, acidente, suicídio ou outro evento que determine a causa da morte. Seguindo a regra de analisar apenas as informações presentes, a ausência de dados sobre a causa leva à classificação como desconhecida.

CLASSE: desconhecida
DATA_MORTE: 25 de dezembro de 1895
CONFIANCA: ALTA"
Menotti Del Picchia,23 de agosto de 1988,desconhecida,ALTA,"Paulo Menotti Del Picchia (São Paulo, 20 de março de 1892 – São Paulo, 23 de agosto de 1988) foi um poeta, jornalista, tabelião, advogado, político, romancista, cronista, pintor e ensaísta brasileiro. Filho dos imigrantes italianos Luigi Del Picchia e Corinna Del Corso, com cinco anos de idade mudou-se para a cidade de Itapira, interior de São Paulo, onde foi aluno de Jacomo Stávale. Fez seus estudos ginasiais no Colégio São José, em Pouso Alegre, Minas Gerais.","Morreu em São Paulo, no dia 23 de agosto de 1988. O seu corpo foi velado na Academia Paulista de Letras, da qual também era membro, e sepultado no Cemitério São Paulo. Em sua homenagem, foram fundados na cidade de Itapira o Parque Juca Mulato e a Casa Menotti Del Picchia (24 de março de 1983) onde podem ser vistos objetos e livros que pertenciam ao autor.","Em 1960, recebeu o Prêmio Jabuti como Personalidade literária do ano, concedido pela Câmara Brasileira do Livro. Destacam-se em sua obra poética os livros Juca Mulato (1917), Máscaras (1920), A Angústia de D. João (1922) e O Amor de Dulcinéia (1931). A poesia de Menotti Del Picchia vincula-se à primeira geração do Modernismo. Em 1984, recebeu o Prêmio Moinho Santista - Categoria Poesia. Morreu em São Paulo, no dia 23 de agosto de 1988.","EVIDENCIAS: [""Morreu em São Paulo, no dia 23 de agosto de 1988."" (frase repetida no texto). Não há menção a causa médica, acidente, violência ou suicídio.]

RACIOCINIO: O texto informa apenas a data e o local do óbito, sem qualquer indicação de doença, acidente, ato violento ou outra causa determinante. Seguindo a regra de analisar apenas as informações fornecidas, a causa permanece não especificada.

CLASSE: desconhecida

DATA_MORTE: 23 de agosto de 1988

CONFIANCA: ALTA"
Murilo Mendes,13 de agosto de 1975,problema_cardiaco,ALTA,"Murilo Mendes faleceu por problemas cardíacos no dia 13 de agosto de 1975, na casa onde habitara seu sogro, Jaime Cortesão, em Lisboa. Foi sepultado no Cemitério dos Prazeres. Após a morte de Murilo Mendes, surgiram diversas manifestações. Entre elas, dois meses após o falecimento, o pintor Pasquale Santoro fomentou, na Itália, evento em sua homenagem.","Murilo Monteiro Mendes (Juiz de Fora, 13 de maio de 1901 — Lisboa, 13 de agosto de 1975) foi um poeta, prosador e crítico de artes plásticas brasileiro, católico expoente do surrealismo na literatura brasileira.","Nascido na cidade de Juiz de Fora, no estado de Minas Gerais, em 13 de maio de 1901, aniversário da abolição da escravidão no Brasil pela Lei Áurea, em 1888 (assim ele gostava de assinalar), Murilo Mendes é filho de Onofre Mendes, funcionário público, e Elisa Valentina Monteiro de Barros. No dia 20 de outubro de 1902, sua mãe, ""afeiçoada ao canto e ao piano, morre de parto com vinte e oito anos"".","EVIDENCIAS: [""Murilo Mendes faleceu por problemas cardíacos"", ""13 de agosto de 1975"", ""Lisboa""]

RACIOCINIO: O texto afirma explicitamente que o autor ""faleceu por problemas cardíacos"", expressão que corresponde diretamente a condições como infarto, insuficiência cardíaca ou arritmia, enquadrando-se na categoria de causas cardíacas.

CLASSE: problema_cardiaco

DATA_MORTE: 13 de agosto de 1975

CONFIANCA: ALTA"
Olavo Bilac,28 de dezembro de 1918,desconhecida,ALTA,"Olavo Brás Martins dos Guimarães Bilac (Rio de Janeiro, 16 de dezembro de 1865 – Rio de Janeiro, 28 de dezembro de 1918) foi um poeta, jornalista, cronista e contista brasileiro, reconhecido como o principal expoente do parnasianismo no país e identificado por muitos como o maior poeta brasileiro, sendo por vezes alcunhado como ""o príncipe dos poetas brasileiros"".","Juntamente com Alberto de Oliveira e Raimundo Correia, foi a maior liderança e expressão do Parnasianismo no Brasil, constituindo a chamada Tríade Parnasiana. A publicação de Poesias, em 1888 rendeu-lhe a consagração. Já no fim de sua vida, em 1917, Bilac recebe o título de professor honorário da Universidade de São Paulo. A lista a seguir apresenta os principais livros publicados por Olavo Bilac.","A consolidação desse projeto pode ser acompanhada em Obra poética de Olavo Bilac. Em 1891, com a dissolução do parlamento e a posse de Floriano Peixoto, inúmeros intelectuais perdem seu protetor, o dr. Portela, ligado ao primeiro presidente republicano Deodoro da Fonseca.","EVIDENCIAS: ""16 de dezembro de 1865 – Rio de Janeiro, 28 de dezembro de 1918"" (data de falecimento); menção de que ""em 1897 Bilac acabou perdendo o controle do seu automóvel ... sendo o primeiro motorista a sofrer um acidente de carro no Brasil."" Não há nenhuma indicação explícita da causa da morte no texto.

RACIOCINIO: O texto fornece a data de falecimento mas não descreve nenhuma doença, acidente fatal, homicídio, suicídio ou outra causa médica relacionada à morte em 1918. A única ocorrência de acidente mencionada é de 1897 e não é ligada ao óbito. Seguindo a regra de analisar apenas as informações do contexto, não há base para atribuir uma causa específica.

CLASSE: desconhecida

DATA_MORTE: 28 de dezembro de 1918

CONFIANCA: ALTA"
Coelho Neto,desconhecida,desconhecida,ALTA,"Durante muitos anos, Coelho Neto foi o autor mais lido do Brasil. O autor assinava trabalhos com seu próprio nome e também escrevia sob inúmeros pseudônimos, como por exemplo: Anselmo Ribas, Caliban, Ariel, Amador Santelmo, Blanco Canabarro, Charles Rouget, Democ, N. Puck, Tartarin, Fur-Fur, Manés. Sua extensa obra não se prendia a um só gênero. Escreveu romances realistas e naturalistas. Sua fecunda produção valeu-lhe a crítica de ser um ""fabricante de romances"".","Coelho Neto foi um dos folcloristas que, com visão romântica, procuraram resgatar a imagem da capoeira no país, até então vista como uma prática de marginais, como sendo um esporte genuinamente brasileiro; defendia que fosse ensinada nas escolas e nas forças armadas, nestas últimas como técnica de defesa pessoal. Em São Luís, tem um dos bustos da Praça do Pantheon, que homenageiam importantes escritores e intelectuais maranhenses.","Coelho Netto esteve ao lado de Lúcio de Mendonça, idealizador da Academia Brasileira, nas primeiras reuniões que trataram da criação desta entidade literária, e realizadas nos dois últimos meses de 1896. Foi eleito seu presidente no ano de 1926, sucedendo à primeira gestão de Afonso Celso, e foi seguido por Rodrigo Otávio.","EVIDENCIAS: No texto não há qualquer menção a falecimento ou a uma causa de morte; não aparecem termos médicos (infarto, câncer, pneumonia, AVC, suicídio, acidente etc.) nem indicação de data de morte.

RACIOCINIO: O contexto biográfico fornece informações sobre a carreira e posições de Coelho Neto, mas não descreve seu óbito nem sintomas/diagnósticos. Segundo a regra de analisar apenas as informações presentes, não é possível atribuir uma causa específica.

CLASSE: desconhecida

DATA_MORTE: desconhecida

CONFIANCA: ALTA"
José de Alencar,12 de dezembro de 1877,desconhecida,ALTA,"Ao pé desse fúnebre sucesso, tudo o mais empalidece”. A Gazeta de Notícias, no dia seguinte da morte de José de Alencar, escrevia, mesclando a dor do luto e a grandeza do legado: “O falecimento de José de Alencar, [é] a viuvez em que se acha a literatura da pátria. [..] Quem não apreciava a iluminada inteligência, que, criando ou pesquisando, era sempre uma individualidade poderosa, um crítico consensioso e de fino tato? Salve, José de Alencar! astro que hoje cintila na celestial esfera!”.","No velório, Machado de Assis esteve presente e descreveu a morte de seu companheiro das letras em sua coluna “História de Quinze dias”, da revista Illustração Brasileira: “Toda a história destes quinze dias está resumida em um só instante, e num acontecimento único: a morte de José de Alencar. Ao pé desse fúnebre sucesso, tudo o mais empalidece”.","José Martiniano de Alencar (Fortaleza, 1.º de maio de 1829 — Rio de Janeiro, 12 de dezembro de 1877) foi um jornalista, advogado, político, ensaísta e escritor brasileiro. É considerado o principal e o mais importante escritor do romantismo no Brasil, sendo identificado com a primeira geração do movimento e popularmente alcunhado como ""pai da literatura brasileira"". Descendia dos Alencar, família prestigiada e participativa no contexto revolucionário 2pernambucano, de 1817.","EVIDENCIAS: ""morte de José de Alencar"", ""O falecimento de José de Alencar"", menções ao velório e ao luto (Machado de Assis presente). Não há menção de doença, acidente, violência ou causa médica específica no texto.

RACIOCINIO: O texto celebra o falecimento e registra a presença de contemporâneos no velório, mas não descreve sintomas, diagnóstico, mecanismo (infarto, pneumonia, derrame, homicídio, etc.) nem qualquer outra indicação da causa da morte. De acordo com a regra de analisar apenas as informações fornecidas, não há base para atribuir uma causa específica.

CLASSE: desconhecida

DATA_MORTE: 12 de dezembro de 1877

CONFIANCA: ALTA"
Visconde de Taunay,25 de janeiro de 1899,diabetes,ALTA,"Taunay foi um autor prolífico, produzindo ficção, sociologia, música (compondo e tocando) e história. Na ficção, a obra Inocência é considerada pelos críticos como seu melhor livro. Faleceu diabético no dia 25 de janeiro de 1899. Foi oficial da Imperial Ordem da Rosa e cavaleiro das imperiais ordens de São Bento de Avis e de Cristo. Foi um dos fundadores da Academia Brasileira de Letras, criou a Cadeira n.° 13, que tem como patrono Francisco Otaviano.","Alfredo Maria Adriano d'Escragnolle Taunay, primeiro e único Visconde de Taunay, (Rio de Janeiro, 22 de fevereiro de 1843 – 25 de janeiro de 1899) foi um nobre, escritor, músico,  professor, engenheiro militar, político, historiador e sociólogo brasileiro. Foi um dos fundadores da Academia Brasileira de Letras (ABL), ocupando a Cadeira n.° 13. Também é o patrono da Cadeira n.° 17 da Academia Brasileira de Música (ABM).","O que José Veríssimo, importante crítico literário do fim do século XIX e início do século XX, ressalta, no entanto, é que tal propriedade narrativa não se repetiria na obra do autor, que apesar de vasta e considerável, não é comparável a obra prima que foi Inocência. “O visconde de Taunay (Sylvio Dinarte) é uma das grandes figuras do Brazil. Vindo de uma familia nobre francesa, elle recebeu uma educação esthetica brilhante.","EVIDENCIAS: [""Faleceu diabético no dia 25 de janeiro de 1899.""]

RACIOCINIO: O texto afirma explicitamente que o autor ""faleceu diabético"", indicando que a morte se deu em decorrência do diabetes ou de suas complicações. Não há menção a outra causa concorrente.

CLASSE: diabetes

DATA_MORTE: 25 de janeiro de 1899

CONFIANCA: ALTA"
José Lins do Rego,12 de setembro de 1957,desconhecida,ALTA,"Em 1935 mudou-se para o Rio de Janeiro. Seus livros são adaptados para o cinema e traduzidos na Alemanha, França, Inglaterra, Espanha, foi eleito para a Academia Brasileira de Letras. Em 1957 José Lins faleceu. Encontra-se sepultado no Cemitério de São João Batista no Rio de Janeiro. A obra de José Lins do Rego é publicada pela editora José Olympio. O estilo de José Lins é inteiramente despojado e sem atitudes ou artifícios literários.","José Lins do Rego Cavalcanti (Pilar, Paraíba, 3 de junho de 1901 — Rio de Janeiro, 12 de setembro de 1957) foi um escritor brasileiro que, ao lado de Graciliano Ramos, Érico Veríssimo, Rachel de Queiroz e Jorge Amado, figura como um dos romancistas regionalistas mais prestigiosos da literatura nacional. Segundo Otto Maria Carpeaux, José Lins era ""o último contador de histórias"".","Em 1926, partiu para o Maceió, onde se reunia com importantes nomes, Graciliano Ramos, Rachel de Queiroz, Aurélio Buarque de Holanda e Jorge de Lima. Quando partiu para o Rio de Janeiro, em 1935, conquistou ainda mais a crítica e colaborou para a imprensa, escrevendo para os Diários Associados e O Globo. É atribuída a José Lins do Rego a invenção de um novo romance moderno brasileiro.","EVIDENCIAS: 
- ""Em 1957 José Lins faleceu.""
- ""José Lins do Rego Cavalcanti (... — Rio de Janeiro, 12 de setembro de 1957)""
- ""Encontra-se sepultado no Cemitério de São João Batista no Rio de Janeiro.""
- Ausência de qualquer menção a causa médica, acidente, violência ou suicídio no texto fornecido.

RACIOCÍNIO: O texto informa a data e o local do óbito e o sepultamento, mas não menciona nenhuma causa (como infarto, câncer, acidente, pneumonia, derrame etc.). De acordo com a instrução de analisar apenas as informações presentes, não há dados suficientes para atribuir uma causa específica.

CLASSE: desconhecida

DATA_MORTE: 12 de setembro de 1957

CONFIANCA: ALTA"
Clarice Lispector,9 de dezembro de 1977,cancer,ALTA,"Clarice Lispector, nascida Chaya Pinkhasivna Lispector OMC (Chechelnyk, 10 de dezembro de 1920 – Rio de Janeiro, 9 de dezembro de 1977), foi uma escritora e jornalista de origem russo-judaica (asquenazita). Radicada no Brasil desde a primeira infância, naturalizou-se brasileira em 1943. Autora de romances, contos e ensaios, é considerada uma das escritoras brasileiras mais importantes do século XX.","Pouco tempo depois da publicação do romance A Hora da Estrela, Clarice foi hospitalizada e diagnosticada com um câncer de ovário inoperável por ter sido detectado tarde demais. A doença havia se espalhado por todo o seu organismo. Clarice faleceu em 9 de dezembro de 1977, um dia antes de seu 57° aniversário. Seu corpo foi sepultado no Cemitério Israelita do Caju, no Rio de Janeiro, no dia 11 de dezembro.","Até a manhã de seu falecimento, mesmo sob sedativos, Clarice ainda ditava frases para sua melhor amiga, Olga Borelli, que estava sempre ao lado da amiga em seus últimos anos. O crítico Alfredo Bosi apresenta três características do estilo narrativo de Clarice Lispector: o uso intensivo da metáfora insólita, a entrega ao fluxo de consciência e a ruptura com o enredo factual.","EVIDENCIAS: [""diagnosticada com um câncer de ovário inoperável"", ""A doença havia se espalhado por todo o seu organismo"", ""Morreu em 1977 ... em decorrência de um câncer de ovário""]

RACIOCINIO: O texto menciona explicitamente que Clarice Lispector foi diagnosticada com câncer de ovário inoperável, que se espalhou por todo o organismo, e afirma que faleceu ""em decorrência de um câncer de ovário"". Trata‑se de neoplasia (câncer) como causa direta e determinante da morte, portanto se enquadra na classe ""cancer"".

CLASSE: cancer

DATA_MORTE: 9 de dezembro de 1977

CONFIANCA: ALTA"
Ferreira Gullar,4 de dezembro de 2016,doenca_respiratoria,ALTA,"Ferreira Gullar morreu em 4 de dezembro de 2016, na cidade do Rio de Janeiro em decorrência de vários problemas respiratórios que culminaram em uma pneumonia. O velório do escritor foi realizado inicialmente na Biblioteca Nacional, pois esse era um desejo de Gullar. Dali, o corpo foi levado em um cortejo fúnebre até a Academia Brasileira de Letras no Rio de Janeiro. Uma semana antes de morrer, Ferreira Gullar pediu à filha Luciana para que o levasse até a Praia de Ipanema.","Ferreira Gullar, pseudônimo de José Ribamar Ferreira (São Luís, 10 de setembro de 1930 – Rio de Janeiro, 4 de dezembro de 2016), foi um poeta, escritor, crítico de arte, biógrafo, tradutor, memorialista e ensaísta brasileiro, reconhecido como um dos principais e mais importantes poetas brasileiros da segunda metade do século XX.","Foi indicado ao Nobel de Literatura em 2002 e ingressou na Academia Brasileira de Letras em 2014. Morreu no ano de 2016, acometido por uma pneumonia. Ferreira Gullar nasceu em São Luís, em 10 de setembro de 1930, com o nome de José Ribamar Ferreira. É um dos onze filhos do casal Newton Ferreira e Alzira Ribeiro Goulart.","EVIDENCIAS: [""morreu em 4 de dezembro de 2016, na cidade do Rio de Janeiro em decorrência de vários problemas respiratórios que culminaram em uma pneumonia"", ""Morreu no ano de 2016, acometido por uma pneumonia"", ""em decorrência de vários problemas respiratórios""]

RACIOCINIO: O texto menciona explicitamente problemas respiratórios que culminaram em pneumonia e afirma que ele foi acometido por pneumonia ao falecer. Pneumonia é uma doença respiratória e é apresentada como a causa determinante da morte, portanto a classe mais adequada é doença respiratória.

CLASSE: doenca_respiratoria

DATA_MORTE: 4 de dezembro de 2016

CONFIANCA: ALTA"
Jorge de Lima,15 de novembro de 1953,desconhecida,ALTA,"Jorge de Lima (União dos Palmares, 23 de abril de 1893 — Rio de Janeiro, 15 de novembro de 1953) foi um poeta, romancista, pintor, político, médico, biógrafo, ensaísta e tradutor brasileiro. Nascido em Alagoas, mudou-se ao Rio de Janeiro em 1930, fazendo de seu consultório ponto de encontro entre artistas e intelectuais da época. Mesmo sendo considerado um grande nome do modernismo brasileiro, sua obra percorre vários movimentos e características.","Jorge de Lima foi poeta, romancista e tradutor brasileiro. Fez parte do Modernismo Brasileiro, ao lado de Murilo Mendes e Cecília Meireles na poesia e de Raquel de Queiroz, José Lins do Rego e Graciliano Ramos, nos romances. É autor de uma obra poética que oscila entre o formalismo, o misticismo, as recordações da infância e a influência da cultura negra.","Em 1939 passou a se dedicar também às artes plásticas, participando de várias exposições, tendo publicado o álbum de fotomontagem A pintura em pânico. Em 1952, publicou seu livro mais importante, o épico Invenção de Orfeu. Em 1953, meses antes de morrer, gravou poemas para o Arquivo da Palavra Falada da Biblioteca do Congresso de Washington, nos Estados Unidos. Jorge de Lima foi poeta, romancista e tradutor brasileiro.","EVIDENCIAS: Texto fornece a data e local de óbito: ""Rio de Janeiro, 15 de novembro de 1953"". Não há menção a doença, acidente, homicídio, suicídio ou outra causa médica/traumática; apenas que ""meses antes de morrer, gravou poemas..."" (sem indicação de enfermidade).

RACIOCINIO: O contexto biográfico informa quando e onde Jorge de Lima faleceu, mas não apresenta qualquer descrição da causa ou circunstâncias médicas/violentas que levem a classificar a morte. Pelo critério de analisar apenas as informações fornecidas, não há elemento que permita atribuir uma causa específica.

CLASSE: desconhecida

DATA_MORTE: 15 de novembro de 1953

CONFIANCA: ALTA"
Mário de Andrade,25 de fevereiro de 1945,problema_cardiaco,ALTA,"Mário Raul de Morais Andrade (São Paulo, 9 de outubro de 1893 – São Paulo, 25 de fevereiro de 1945) foi um poeta, contista, cronista, romancista, musicólogo, historiador de arte, crítico e fotógrafo brasileiro. Um dos fundadores do modernismo no país, ele praticamente criou a poesia brasileira moderna com a publicação de sua Pauliceia Desvairada em 1922. Ele teve uma influência enorme na literatura brasileira moderna e, como estudioso e ensaísta, foi pioneiro no campo da etnomusicologia.","O poema é a afirmação definitiva e final da ambição de Andrade e de seu nacionalismo. Andrade morreu em sua casa em São Paulo de um ataque cardíaco em 25 de fevereiro de 1945, aos 51 anos. Dadas as suas divergências com a ditadura varguista, não houve qualquer reação oficial significativa antes de sua morte. No entanto, a publicação de seus Poemas Completos, em 1955 (um ano após a morte de Vargas), marcou o início da canonização de Andrade como um dos heróis culturais do Brasil.","Mário de Andrade nasceu em São Paulo, cidade onde morou durante quase toda a vida no número 320 da Rua Aurora, onde seus pais, Carlos Augusto de Andrade e Maria Luísa de Almeida Leite Moraes de Andrade, também haviam morado. Durante sua infância foi considerado um pianista prodígio, tendo sido matriculado no Conservatório Dramático e Musical de São Paulo em 1911. Recebeu educação formal apenas em música, mas foi autodidata em história, arte, e especialmente poesia.","EVIDENCIAS: ""Andrade morreu em sua casa em São Paulo de um ataque cardíaco em 25 de fevereiro de 1945, aos 51 anos.""

RACIOCINIO: O texto menciona explicitamente ""ataque cardíaco"", que corresponde a infarto/condição cardíaca aguda. Isso indica claramente uma causa de morte de origem cardiovascular.

CLASSE: problema_cardiaco

DATA_MORTE: 25 de fevereiro de 1945

CONFIANCA: ALTA"
Cecília Meireles,9 de novembro de 1964,desconhecida,ALTA,"Cecília Benevides de Carvalho Meireles (Rio de Janeiro, 7 de novembro de 1901 — Rio de Janeiro, 9 de novembro de 1964) foi uma jornalista, pintora, poeta, escritora e professora brasileira. É um nome canônico do modernismo brasileiro, uma das grandes poetas da língua portuguesa e é amplamente considerada a melhor poeta do Brasil (pois que tenha combatido a palavra poetisa por causa da discriminação de gênero que apenas depunha outras artistas, como se houvesse caminhos distintos para um poeta).","Cecília Benevides de Carvalho Meireles nasceu no bairro Rio Comprido, na cidade do Rio de Janeiro. Seus pais eram Carlos Alberto de Carvalho Meireles, funcionário do Banco do Brasil, e Mathilde Benevides Meireles, professora da rede pública de ensino fundamental (na época, ensino primário). Antes de Cecília nascer, sua mãe havia perdido seus outros filhos: Carlos, Vítor e Carmem. Seu pai Carlos morreu três meses antes do nascimento de Cecília.","Seu pai Carlos morreu três meses antes do nascimento de Cecília. Aos três anos de idade, sua mãe morreu, e Cecília se mudou para as imediações das ruas Zamenhoff, Estrela e São Carlos, passando a morar com sua avó materna, Jacinta Garcia Benevides, uma portuguesa nascida na Ilha de São Miguel, Açores, na época viúva e única sobrevivente da família. Ela criou a menina com ajuda de Pedrina, a babá da menina, que sempre lhe contava histórias à noite.","EVIDENCIAS: O texto indica apenas a data e local de falecimento: ""Rio de Janeiro, 9 de novembro de 1964"". Não há nenhuma menção a doença, acidente, violência ou outra causa de morte no trecho fornecido.

RACIOCINIO: Como o contexto biográfico apresenta somente a data e local da morte sem descrever causa (nenhum termo médico ou circunstância associada aparece), não é possível atribuir uma causa específica com base nas informações dadas. Conforme instrução, quando a causa não está informada deve-se classificar como ""desconhecida"".

CLASSE: desconhecida
DATA_MORTE: 9 de novembro de 1964
CONFIANCA: ALTA"
Lygia Fagundes Telles,3 de abril de 2022,idade_avancada,ALTA,"Lygia Fagundes da Silva Telles ORB • OAL • OMDCGM • HC • OI (São Paulo, 19 de abril de 1918 – São Paulo, 3 de abril de 2022), também conhecida como ""a dama da literatura brasileira"" e ""a maior escritora brasileira"" enquanto viva, foi uma escritora brasileira, considerada por acadêmicos, críticos e leitores uma das mais importantes e notáveis escritoras brasileiras do século XX e da história da literatura brasileira.","""Ele percebeu que eu era uma jovem sozinha, sem dinheiro, com ambições, escrevendo, e ele então foi afetuoso, foi ouvinte. Ele fez a terapia que eu jamais teria dinheiro para pagar. Ele me aceitou, me estendeu a mão"". Lygia morreu em 3 de abril de 2022, aos 103 anos, de causas naturais. O velório foi aberto ao público, na Academia Paulista de Letras, no Largo do Arouche, e decorreu das 18h às 20h30.","Tal-qualmente, Caio Fernando Abreu escreveu: O texto de Lygia prima pela unidade, pela densidade, pela extraordinária dignidade que confere à língua portuguesa, mesmo quando trata de temas ou situações sórdidas, perversas, violentas. Ler Lygia Fagundes Telles, para quem é dado a esses requintes, traz o prazer da descoberta da beleza, da sonoridade e da expressividade"". Lygia era conhecida por ser adepta da liberdade ampla e irrestrita.","EVIDENCIAS: ""Lygia morreu em 3 de abril de 2022, aos 103 anos, de causas naturais.""

RACIOCINIO: O texto especifica que a morte ocorreu por ""causas naturais"" e destaca a idade avançada (103 anos). Isso indica falecimento por senilidade/envelhecimento, correspondente à categoria de morte por idade avançada.

CLASSE: idade_avancada

DATA_MORTE: 3 de abril de 2022

CONFIANCA: ALTA"
Castro Alves,6 de julho de 1871,desconhecida,ALTA,"24 da rua Sodré, onde no dia 6 de julho de 1871, às 3 ½ horas da tarde, expirou Castro Alves, contando apenas 24 anos de idade"". Foi sepultado no Cemitério do Campo Santo, num jazigo em que foi inserida uma ""caveira de pirata"" que, no dizer de uma especialista, ""representa uma alusão à morte e ao caráter de transitoriedade da vida”. Seus restos mortais foram, no século XX, trasladados para o monumento em sua homenagem na praça que leva seu nome.","Antônio Frederico de Castro Alves (Vila de Nossa Senhora do Rosário do Porto da Cachoeira, 14 de março de 1847 – Salvador, 6 de julho de 1871) foi um poeta, dramaturgo e advogado brasileiro, considerado o principal representante da terceira geração do romantismo no Brasil. Ficou conhecido por seus poemas abolicionistas, que renderam-lhe a alcunha de ""poeta dos escravos"".","Após a consagração recebida na então capital imperial com somente vinte e um anos de idade, e as que se seguiram nos ""menos de oito anos, anos tontos, que os dentre a adolescência e a mocidade, 'Castro Alves deixara uma obra sem igual em nossas literaturas'"", segundo Afrânio Peixoto, que o comparou aos seus contemporâneos que mais tarde se destacariam como Rui Barbosa, Joaquim Nabuco, Rodrigues Alves ou Afonso Pena: tivessem estes morrido, como ele, aos vinte e quatro anos de idade, ""nem a memória dos nomes lhes teria ficado e durante esse tempo o outro granjeou a fama duradoura"".","EVIDENCIAS: ""onde no dia 6 de julho de 1871, às 3 ½ horas da tarde, expirou Castro Alves, contando apenas 24 anos de idade""; ""Foi sepultado no Cemitério do Campo Santo""; informações biográficas e sobre traslado dos restos mortais. Não há menção a doença, acidente, homicídio ou causa específica.

RACIOCÍNIO: O texto informa data e circunstâncias do sepultamento e traslado dos restos mortais, mas não descreve nenhuma causa médica, acidente ou violência. Sem indicação de termos como tuberculose, pneumonia, infarto, câncer, suicídio, homicídio ou outro diagnóstico/evento, não é possível determinar a causa da morte a partir do contexto fornecido.

CLASSE: desconhecida

DATA_MORTE: 6 de julho de 1871

CONFIANCA: ALTA"
Fagundes Varela,17 de fevereiro de 1875,avc,ALTA,"Frequentando assiduamente as rodas de boêmia intelectual do Rio, faleceu em 17 de fevereiro de 1875, aos 33 anos de idade, por conta de um derrame cerebral. Segundo Antonio Candido, Varela foi ""o último dos poetas ultra-românticos de algum valor"", acrescentando que ele ""levou ao máximo a fluidez cantante do verso rimado e a melodia do decassílabo solto"" e criou ""alguns dos mais belos poemas do tempo"".","Luiz Nicolau Fagundes Varela (São João Marcos, 17 de agosto de 1841 – Niterói, 18 de fevereiro de 1875) foi um poeta brasileiro, considerado um dos principais representantes da segunda geração do romantismo no Brasil. Seus poemas enquadravam-se na estética do mal do século e apresentavam um verso melódico e fluido. Escreveu, também, os primeiros poemas contra a escravidão no Brasil. É o patrono da cadeira n. 11 da Academia Brasileira de Letras, fundada por Lúcio de Mendonça.","livre Pela suprema lei! Por instância de Lúcio de Mendonça, foi a sua cadeira nominada em honra a Fagundes Varella. Considerado um dos maiores expoentes das letras no Brasil, um seu busto orna o prédio do silogeu brasileiro..","EVIDENCIAS: ""faleceu em 17 de fevereiro de 1875, aos 33 anos de idade, por conta de um derrame cerebral."" ; também aparece ""(... – Niterói, 18 de fevereiro de 1875)"" (discrepância de data).

RACIOCINIO: O texto menciona explicitamente ""derrame cerebral"", que é o termo popular para acidente vascular cerebral (AVC). Portanto a causa se enquadra claramente na classe avc. Há uma discrepância de um dia na data de óbito (17 vs. 18 de fevereiro de 1875), mas a menção do derrame cerebral está associada à data de 17 de fevereiro.

CLASSE: avc

DATA_MORTE: 17 de fevereiro de 1875

CONFIANCA: ALTA"
Augusto dos Anjos,12 de novembro de 1914,doenca_respiratoria,ALTA,"De qualquer forma, seja por ácidas críticas destrutivas, seja através de entusiasmos exaltados de sua obra poética, Augusto dos Anjos está longe de se passar despercebido na literatura brasileira. O aspecto melancólico da sua poesia, que a marca profundamente, é interpretado de diversas maneiras. Uma vertente de críticos, na qual se inclui Ferreira Gullar, fundamenta a melancolia da obra na biografia do homem Augusto dos Anjos.","Augusto dos Anjos nasceu no Engenho Pau d'Arco, atualmente no município de Sapé, estado da Paraíba. Foi educado nas primeiras letras pelo pai e estudou no Lyceu Paraibano, onde viria a ser professor em 1908. Precoce poeta brasileiro, compôs os primeiros versos aos 7 anos de idade. Em 1903, ingressou no curso de Direito na Faculdade de Direito do Recife, bacharelando-se em 1907. Em 1910 casa-se com Ester Fialho.","Augusto de Carvalho Rodrigues dos Anjos (Sapé, 20 de abril de 1884 – Leopoldina, 12 de novembro de 1914) foi um poeta e professor brasileiro reconhecido como um dos principais expoentes do simbolismo e do pré-modernismo brasileiro. Sua obra é marcada pela versificação considerada imprópria para a época, pela crítica à hipocrisia social e à ética cristã e pelo pessimismo cientificista e existencial baseado em Schopenhauer, Herbert Spencer e Hippolyte Taine.","EVIDENCIAS: ""A causa de sua morte foi pneumonia."" / ""Faleceu em 12 de novembro de 1914, às 4 horas da madrugada, aos 30 anos, em Leopoldina, Minas Gerais.""

RACIOCINIO: O texto declara explicitamente que a causa da morte foi ""pneumonia"", que é uma doença respiratória. Não há menção de outra condição concorrente ou determinante, portanto a classificação recai diretamente sobre doenças respiratórias.

CLASSE: doenca_respiratoria

DATA_MORTE: 12 de novembro de 1914

CONFIANCA: ALTA"
Gonçalves Dias,3 de novembro de 1864,desconhecida,ALTA,"Antônio Gonçalves Dias (Aldeias Altas, 10 de agosto de 1823 – Guimarães, 3 de novembro de 1864) foi um poeta, dramaturgo e etnólogo brasileiro, considerado o poeta nacional do Brasil. Sua obra, identificada com a primeira geração do romantismo brasileiro, contribuiu significativamente para a construção da literatura e da identidade cultural do Brasil.","(Iracema) ""Depois de escrita a revista, chegou a notícia da morte de Gonçalves Dias, o grande poeta dos Cantos e dos Timbiras. A poesia nacional cobre-se, portanto, de luto. Era Gonçalves Dias o seu mais prezado filho, aquele que de mais louçania a cobriu. Morreu no mar-túmulo imenso para talento. Só me resta espaço para aplaudir a ideia que se vai realizar na capital do ilustre poeta. Não é um monumento para Maranhão, é um monumento para o Brasil. A nação inteira deve concorrer para ele"".","É geralmente lembrado pelo seu poema Canção do Exílio, apontado como o mais popular da literatura brasileira, sendo também exaltado por leitores e críticos pelos épicos I-Juca Pirama e Canção do Tamoio. Antônio Gonçalves Dias nasceu em 10 de agosto de 1823, no sítio Boa Vista, em terras de Jatobá (a 14 léguas de Caxias, hoje pertencente à cidade emancipada com nome de Aldeias Altas).","EVIDENCIAS: ""Antônio Gonçalves Dias (Aldeias Altas, 10 de agosto de 1823 – Guimarães, 3 de novembro de 1864)""; ""chegou a notícia da morte de Gonçalves Dias""; ""Morreu no mar-túmulo imenso para talento.""

RACIOCINIO: O texto informa local e data da morte e usa linguagem poética (""mar-túmulo""), mas não descreve causa médica ou circunstância concreta (ex.: afogamento, acidente, doença, suicídio, assassinato). A expressão sobre o ""mar-túmulo"" é metafórica e não fornece evidência factual de afogamento ou outro mecanismo. Portanto, segundo as informações fornecidas, a causa da morte é não especificada.

CLASSE: desconhecida
DATA_MORTE: 3 de novembro de 1864
CONFIANCA: ALTA"
Euclides da Cunha,15 de agosto de 1909,assassinato,ALTA,"Lá, escreveu obras de denúncia e, ao voltar para o Rio de Janeiro, trabalhou no gabinete do Barão de Rio Branco. Seu casamento com Ana Emília Ribeiro foi marcado pela infidelidade de sua esposa, que teve dois filhos fora do casamento, frutos de seu caso extraconjugal com o militar Dilermando de Assis. Ao saber do caso, Euclides tentou assassinar o amante de sua esposa, contudo foi morto por este em 15 de agosto de 1909, no que ficou conhecido como ""Tragédia da Piedade"".","Mais tarde Anna e Dilermando casaram-se e o casamento durou 15 anos. O corpo de Euclides foi velado na ABL. O médico e escritor Afrânio Peixoto, que assinou o atestado de óbito, mais tarde ocuparia sua cadeira na Academia. Entre 1898 e 1901, Euclides viveu na cidade de São José do Rio Pardo, onde trabalhava na reconstrução de uma ponte, utilizando suas horas vagas para escrever sua obra-prima Os Sertões.","Euclides Rodrigues Pimenta da Cunha (Cantagalo, 20 de janeiro de 1866 – Rio de Janeiro, 15 de agosto de 1909) foi um escritor e jornalista brasileiro identificado com o pré-modernismo, conhecido por seu romance Os Sertões e por sua atividade intelectual nos primeiros anos da República Brasileira. Nascido em Cantagalo, estudou na Escola Politécnica e na Escola Militar da Praia Vermelha, tornando-se brevemente um militar. Ingressou no jornal A Província de S. Paulo — hoje O Estado de S.","EVIDENCIAS: ""Ao saber do caso, Euclides tentou assassinar o amante de sua esposa, contudo foi morto por este em 15 de agosto de 1909, no que ficou conhecido como 'Tragédia da Piedade'.""; ""O corpo de Euclides foi velado na ABL. O médico e escritor Afrânio Peixoto, que assinou o atestado de óbito...""

RACIOCINIO: O texto descreve claramente que Euclides da Cunha foi morto por outra pessoa (o amante de sua esposa) durante a chamada ""Tragédia da Piedade"", indicando morte violenta intencional (homicídio). Não há menção a doença, acidente ou suicídio; portanto a categoria mais adequada é assassinato.

CLASSE: assassinato

DATA_MORTE: 15 de agosto de 1909

CONFIANCA: ALTA"
Machado de Assis,29 de setembro de 1908,cancer,ALTA,"Às 3h20m de 29 de setembro de 1908 na casa de Cosme Velho, Machado de Assis morre aos sessenta e nove anos de idade com uma úlcera cancerosa na boca; sua certidão de óbito relata que morrera de arteriosclerose generalizada, incluindo esclerose cerebral, o que, para alguns, figura questionável pelo motivo de mostrar-se lúcido nas últimas cartas já relatadas.","Ao geral, teve uma morte tranquila, cercado pelos companheiros mais íntimos que havia feito no Rio de Janeiro: Mário de Alencar, José Veríssimo, Coelho Neto, Raimundo Correia, Rodrigo Otávio, Euclides da Cunha, etc. Este último relatou, no Jornal do Comércio, no mesmo ano do falecimento: ""Na noite em que faleceu Machado de Assis, quem penetrasse na vivenda do poeta, em Laranjeiras, não acreditaria que estivesse tão próximo o desenlace de sua enfermidade"".","Em Lisboa, todos os jornais da cidade publicaram uma biografia de Machado de Assis, anunciando sua morte. Em 21 de abril de 1999, os restos mortais do casal foram transladados para o Mausoléu da Academia.","EVIDENCIAS: ""morre ... com uma úlcera cancerosa na boca""; ""sua certidão de óbito relata que morrera de arteriosclerose generalizada, incluindo esclerose cerebral"" (contraponto questionado pela lucidez nas últimas cartas).

RACIOCINIO: O texto afirma explicitamente que Machado de Assis faleceu ""com uma úlcera cancerosa na boca"", indicando a presença de neoplasia como condição terminal. Embora a certidão de óbito mencione arteriosclerose generalizada e esclerose cerebral, esse apontamento é apresentado como contestável no próprio contexto. Dada a menção direta e específica de uma lesão cancerosa como condição no momento da morte, a classificação mais apropriada é câncer, considerando-o a causa determinante segundo as informações fornecidas.

CLASSE: cancer
DATA_MORTE: 29 de setembro de 1908
CONFIANCA: ALTA"
Lima Barreto (escritor),1 de novembro de 1922,problema_cardiaco,ALTA,"Com a saúde cada vez mais debilitada, Lima Barreto faleceu de um colapso cardíaco no dia 1º de novembro de 1922, aos 41 anos, em sua casa, no bairro de Todos os Santos, no Rio de Janeiro Seus restos mortais, bem como os de seu pai (falecido dois dias depois) estão no cemitério de São João Batista, na Quadra 14 - 3º piso - Jazigo: 8024. No mesmo cemitério encontra-se o mausoléu dos imortais da Academia Brasileira de Letras.","Nessa época, tornaram-se mais agudas as crises de alcoolismo e depressão do escritor, o que provocou sua primeira internação no hospício em 1914. Em 1916, colaborou com a revista ABC, publicando alguns textos em periódicos de viés socialista. Passados quatro anos da primeira internação no Hospital dos Alienados devido ao alcoolismo, seus problemas de saúde pioraram e Lima Barreto foi aposentado em dezembro de 1918. No ano seguinte, 1919, publicou o romance Vida e Morte de M. J.","Afonso Henriques de Lima Barreto (Rio de Janeiro, 13 de maio de 1881 — Rio de Janeiro, 1 de novembro de 1922) foi um jornalista e escritor brasileiro, identificado com o pré-modernismo. Publicou romances, sátiras, contos, crônicas e uma vasta obra em periódicos, principalmente em revistas populares ilustradas e periódicos anarquistas do início do século XX.","EVIDENCIAS: [""faleceu de um colapso cardíaco"", ""Com a saúde cada vez mais debilitada"", data mencionada ""1º de novembro de 1922"", menção a crises de alcoolismo e depressão/primeira internação em 1914""]

RACIOCINIO: O texto declara explicitamente que Lima Barreto ""faleceu de um colapso cardíaco"". Colapso cardíaco corresponde a uma condição cardíaca aguda (infarto/insuficiência/paro cardíaco), portanto enquadra-se na categoria de problema cardíaco. As menções ao alcoolismo e à depressão são comorbidades, não descritas como causa direta da morte no trecho.

CLASSE: problema_cardiaco

DATA_MORTE: 1 de novembro de 1922

CONFIANCA: ALTA"
Álvares de Azevedo,25 de abril de 1852,infeccao,ALTA,"Álvares de Azevedo morreu aos 20 anos, enquanto passava as férias com a família no Rio de Janeiro, em condições até hoje controversas. Segundo o relato tradicional, a sua morte é decorrente de uma tuberculose. A maioria dos estudiosos modernos, porém, alegam que essa é uma versão falsa, criada com o intuito de relacionar a sua morte à de muitos outros poetas do mal do século. A versão mais aceita hoje diz que ele sofreu um acidente de cavalo, que provocou-lhe um abcesso na fossa ilíaca.","Manoel Antônio Álvares de Azevedo (São Paulo, 12 de setembro de 1831 — Rio de Janeiro, 25 de abril de 1852) foi um poeta, contista, dramaturgo e ensaísta brasileiro. É um dos mais populares e importantes poetas do Brasil, sendo o principal representante da segunda geração do romantismo no país. Sua obra, fortemente influenciada por Byron e Musset, enquadra-se na estética do mal do século e abrange quase todos os gêneros literários, com foco na poesia lírica. É o patrono da cadeira n.","Em vida, porém, Álvares de Azevedo publicou apenas alguns poemas, artigos e discursos. O restante da sua obra foi publicado postumamente em diversos livros. Sua poesia completa foi reunida nas obras Lira dos vinte anos, Poesias diversas, O poema do frade e O Conde Lopo. Sua prosa narrativa abrange apenas o livro de contos Noite na Taverna, apesar de haver alguns fragmentos de romance. A sua única peça completa é Macário.","EVIDENCIAS: [""versão mais aceita hoje diz que ele sofreu um acidente de cavalo, que provocou-lhe um abcesso na fossa ilíaca"", ""O acidente acabou progredindo para uma septicemia, que levou à morte do poeta""]  
RACIOCINIO: O texto indica que um acidente (trauma por cavalo) causou um abscesso abdominal que evoluiu para septicemia. A septicemia (sepse) é uma infecção grave responsável diretamente pela morte, portanto a causa determinante é uma infeção sistêmica. Embora haja menção tradicional de tuberculose, o contexto afirma que essa versão é rejeitada; a causalidade explícita apresentada é a septicemia resultante do acidente/abscesso.  
CLASSE: infeccao  
DATA_MORTE: 25 de abril de 1852  
CONFIANCA: ALTA"
João Cabral de Melo Neto,9 de outubro de 1999,desconhecida,ALTA,"João Cabral de Melo Neto GCC • GOSE • OMC (Recife, 9 de janeiro de 1920 – Rio de Janeiro, 9 de outubro de 1999) foi um poeta e diplomata brasileiro. Sua obra poética, que vai de uma tendência surrealista até a poesia popular, porém caracterizada pelo rigor estético, com poemas avessos a confessionalismos e marcados pelo uso de rimas toantes, inaugurou uma nova forma de fazer poesia no Brasil.","Foi eleito membro da Academia Brasileira de Letras em 15 de agosto de 1968, e empossado em 6 de maio de 1969, recebido por José Américo de Almeida. Ocupou a cadeira 37, antes ocupada pelo jornalista Assis Chateaubriand. Quando faleceu, foi sucedido pelo crítico literário Ivan Junqueira. Debilitado pela cegueira e com crises de depressão, João Cabral morreu em 1999. Na poesia de Cabral percebem-se algumas dualidades antitéticas, trabalhadas com um certo barroquismo e à exaustão.","O escritor foi membro da Academia Pernambucana de Letras (embora não tenha comparecido a nenhuma reunião como acadêmico, nem mesmo a sua posse) e da Academia Brasileira de Letras. João Cabral de Melo Neto nasceu em Pernambuco, na cidade de Recife, a 9 de Janeiro de 1920. Ingressou aos dez anos no Colégio de Ponte d’Uchoa, dos Irmãos Maristas. Cabral de Melo era admirador do futebol, chegando a sagrar-se campeão juvenil pelo Santa Cruz.","EVIDENCIAS: ""Debilitado pela cegueira e com crises de depressão, João Cabral morreu em 1999."" / ""Recife, 9 de janeiro de 1920 – Rio de Janeiro, 9 de outubro de 1999.""

RACIOCINIO: O texto menciona que ele estava ""debilitado pela cegueira"" e tinha ""crises de depressão"", mas não atribui explicitamente a morte a nenhuma condição médica, acidente ou suicídio. Não há indicação clara de causa determinante. Pela regra de usar apenas as informações fornecidas, a causa deve ser classificada como desconhecida.

CLASSE: desconhecida

DATA_MORTE: 9 de outubro de 1999

CONFIANCA: ALTA"
Jorge Amado,6 de agosto de 2001,desconhecida,ALTA,"Jorge Leal Amado de Faria OMC • GOSE • GOIH • CBJM (Itabuna, 10 de agosto de 1912 – Salvador, 6 de agosto de 2001) foi um dos mais famosos e traduzidos escritores brasileiros de todos os tempos, sendo o autor mais adaptado para o cinema, teatro e televisão. É responsável por sucessos como Dona Flor e Seus Dois Maridos, Tenda dos Milagres, Tieta do Agreste, Gabriela, Cravo e Canela e Capitães da Areia.","Filiado ao Partido Comunista Brasileiro (PCB), por ele foi eleito deputado federal em 1946, tendo seu mandato cassado quando a legenda foi posta na ilegalidade pelo governo do presidente Gaspar Dutra. Jorge Amado foi superado, em número de vendas, apenas por Paulo Coelho, mas em seu estilo, o romance ficcional, não há paralelo no Brasil. Em 1994, a sua obra foi reconhecida com o Prêmio Camões, a mais prestigiada láurea da literatura lusófona.","O corpo de Jorge Amado foi cremado e suas cinzas enterradas em sua casa no bairro do Rio Vermelho, em Salvador. As cinzas de Zélia também estão depositadas no mesmo local, quando morreu em 2008. Hoje funciona no local a Casa do Rio Vermelho, expondo lembranças da vida do casal de escritores. Uma das suas obras é o O Gato Malhado e a Andorinha Sinhá que foi feita para o seu filho João Jorge, quando este completou um ano de idade.","EVIDENCIAS: Texto menciona apenas ""Itabuna, 10 de agosto de 1912 – Salvador, 6 de agosto de 2001""; ""O corpo de Jorge Amado foi cremado e suas cinzas enterradas..."" Não há menção a doença, acidente, infarto, AVC, câncer ou qualquer causa de morte.

RACIOCINIO: O contexto biográfico fornece data e local de óbito e descreve a cremação e sepultamento das cinzas, mas não apresenta nenhuma informação sobre a causa médica ou circunstâncias que tenham levado à morte. Pela regra de analisar apenas o texto fornecido, não há evidência para atribuir uma causa específica.

CLASSE: desconhecida

DATA_MORTE: 6 de agosto de 2001

CONFIANCA: ALTA"
Graça Aranha,desconhecida,desconhecida,ALTA,"Ele chegou a declarar ""Se a Academia se desvia desse movimento regenerador, se a Academia não se renova, morra a Academia!"" Encontra-se colaboração da sua autoria na revista luso-brasileira Atlantida (1915-1920). Graça Aranha casou-se com Maria Genoveva de Araújo ainda jovem, em um contexto típico da elite brasileira do final do século XIX. Maria Genoveva também era natural do Maranhão e o casamento uniu duas famílias de prestígio social.","Graça Aranha se graduou em direito pela Faculdade do Recife e exerceu cargos na magistratura e na carreira diplomática. Como diplomata, serviu em Londres, com Joaquim Nabuco, e foi ministro na Noruega, Holanda e na França, onde se aposentou. Assumiu o cargo de juiz de direito no Rio de Janeiro, ocupando depois a mesma função em Porto do Cachoeiro (hoje Santa Leopoldina), no Espírito Santo. Nesse município ele buscou elementos necessários para criar sua obra mais importante, Canaã.","Esta é um marco do chamado pré-modernismo, publicada em 1902, junto com a obra Os Sertões, de Euclides da Cunha. Graça Aranha apresentou uma visão filosófica e artística assimilada de fontes muito diferentes e às vezes contraditórias. A 17 de julho de 1919, foi agraciado com o grau de Comendador da Ordem Militar de Sant'Iago da Espada; a 1 de março de 1920, foi agraciado com o grau de Comendador da Ordem Militar de Cristo, ambos das ordens honoríficas portuguesas.","EVIDENCIAS: O texto não menciona data ou causa da morte de Graça Aranha; contém referências à carreira, casamentos, premiações e à morte da mãe em 1927, mas nada sobre o falecimento do próprio escritor.

RACIOCINIO: Não há qualquer indicação de condição médica, evento acidental, suicídio, assassinato ou outra causa determinante no texto fornecido. Seguindo a regra de analisar apenas as informações presentes, a causa da morte não pode ser determinada.

CLASSE: desconhecida

DATA_MORTE: desconhecida

CONFIANCA: ALTA"
Casimiro de Abreu,18 de outubro de 1860,doenca_respiratoria,ALTA,"Casimiro José Marques de Abreu (Casimiro de Abreu, 4 de janeiro de 1839 – Casimiro de Abreu, 18 de outubro de 1860) foi um poeta, dramaturgo, romancista e ensaísta brasileiro, identificado com a segunda geração do romantismo no Brasil. Foi um dos poetas mais populares no Brasil durante o século XIX, conhecido pelo seu lirismo ingênuo, pueril e musical. É o patrono da cadeira número seis da Academia Brasileira de Letras, fundada por Teixeira de Melo.","No ano seguinte, morreu na cidade natal, vítima de tuberculose. Segundo a Academia Brasileira de Letras, a obra de Casimiro tem como temas principais ""a nostalgia da infância, a saudade da terra natal, o gosto da natureza, a religiosidade ingênua, o pressentimento da morte, a exaltação da juventude, a devoção pela pátria e a idealização da mulher amada"", sendo ""condicionada estreitamente pelo universo do burguês brasileiro da época imperial, das chácaras e jardins (...) onde se caça passarinho quando criança, onde se arma a rede para o devaneio ou se vai namorar quando rapaz"", enquadrando-se, assim, na segunda geração do romantismo brasileiro.","Segundo Fausto Cunha, ""Casimiro de Abreu vinha propor uma linguagem perfeitamente de acordo com o pathos da época (...) de grande maleabilidade, poder de infiltração e virtualidades mnemônicas"". O seu poema mais famoso é Meus oito anos, que, segundo Jean Pierre Chauvin, ""está gravado em nossa memória coletiva"". Segundo Manuel Bandeira, ""ninguém tampouco exprimiu melhor as saudades da infância do que o fez o poeta fluminense nas oitavas dos Meus oito anos"".","EVIDENCIAS: ""morreu na cidade natal, vítima de tuberculose.""; data de nascimento e morte citadas: ""4 de janeiro de 1839 – ... 18 de outubro de 1860""

RACIOCINIO: O texto afirma explicitamente que foi ""vítima de tuberculose"". Tuberculose é uma doença infecciosa do aparelho respiratório (pulmões) e enquadra-se na categoria de doença respiratória.

CLASSE: doenca_respiratoria

DATA_MORTE: 18 de outubro de 1860

CONFIANCA: ALTA"
Graciliano Ramos,20 de março de 1953,desconhecida,ALTA,"Graciliano Ramos de Oliveira (Quebrangulo, 27 de outubro de 1892 – Rio de Janeiro, 20 de março de 1953) foi um romancista, cronista, contista, jornalista, político e memorialista brasileiro, considerado um dos maiores nomes da literatura brasileira. Ele é mais conhecido por sua obra Vidas Secas (1938). Nascido numa grande família de classe média, viveu os primeiros anos de sua infância migrando para diversas cidades da Região Nordeste do Brasil.","Graciliano Ramos nasceu em Quebrangulo, em 27 de outubro de 1892. Primeiro de dezesseis irmãos de uma família de classe média do sertão nordestino, ele viveu os primeiros anos em diversas cidades do Nordeste brasileiro, como Buíque, Pernambuco, Viçosa, Maceió e Palmeira dos Índios, Alagoas. Terminando o segundo grau em Maceió, seguiu para o Rio de Janeiro, onde passou um tempo trabalhando como jornalista.","Tradutor de obras em inglês e francês e honrado com diversos prêmios em vida, a obra de Graciliano Ramos recebeu riqueza da crítica literária e atenção do mundo acadêmico. Seu romance modernista também conhecido como regionalista Vidas Secas é visto como um clássico da literatura brasileira. Encontra-se colaboração da sua autoria na revista luso-brasileira Atlântico. Graciliano Ramos nasceu em Quebrangulo, em 27 de outubro de 1892.","EVIDENCIAS: ""Quebrangulo, 27 de outubro de 1892 – Rio de Janeiro, 20 de março de 1953"" (indica local e data de morte). Não há menção no texto a doença, acidente, infarto, pneumonia, homicídio, suicídio ou qualquer outra causa específica.

RACIOCINIO: O texto fornece apenas a data e o local da morte, sem qualquer informação sobre causa ou circunstâncias que a expliquem. De acordo com a regra de analisar apenas as informações presentes, não é possível atribuir uma causa específica sem evidência direta.

CLASSE: desconhecida

DATA_MORTE: 20 de março de 1953

CONFIANCA: ALTA"
Manuel Bandeira,13 de outubro de 1968,outra_doenca,ALTA,"Em 1940 foi eleito membro da Academia Brasileira de Letras. Posteriormente, nomeado professor de Literaturas Hispano-Americanas na Faculdade de Filosofia da Universidade do Brasil, cargo do qual se aposentou, em 1956. Manuel Bandeira faleceu no dia 13 de outubro de 1968, com hemorragia gástrica, aos 82 anos de idade, no Rio de Janeiro, e foi sepultado no túmulo 15 do mausoléu da Academia Brasileira de Letras, no Cemitério São João Batista.","Doente dos pulmões, Bandeira sofria de tuberculose e sabia dos riscos que corria diariamente, e a perspectiva de deixar de existir a qualquer momento é uma constante na sua obra. A imagem de bom homem, terno e em parte amistoso que Bandeira aceitou adotar no final de sua vida tende a produzir enganos: sua poesia, longe de ser uma pequena canção terna de melancolia, está inscrita em um drama que conjuga sua história pessoal e o conflito estilístico vivido pelos poetas de sua época.","Manuel Carneiro de Sousa Bandeira Filho (Recife, 19 de abril de 1886 – Rio de Janeiro, 13 de outubro de 1968) foi um poeta, crítico literário e de arte, professor de literatura e tradutor brasileiro, considerado um dos maiores expoentes da poesia brasileira e uma figura-chave do modernismo no Brasil.","EVIDENCIAS: [""faleceu no dia 13 de outubro de 1968, com hemorragia gástrica, aos 82 anos de idade"", ""Doente dos pulmões, Bandeira sofria de tuberculose""]

RACIOCINIO: O texto indica explicitamente que a causa imediata da morte foi ""hemorragia gástrica"" (sangramento no trato gastrointestinal). Embora também mencione tuberculose pulmonar, essa aparece como doença preexistente, não como causa determinante do óbito. ""Hemorragia gástrica"" não se enquadra nas classes específicas listadas (cardíaca, respiratória, câncer, infecção, AVC, etc.), portanto a classificação mais adequada entre as opções fornecidas é ""outra_doenca"".

CLASSE: outra_doenca

DATA_MORTE: 13 de outubro de 1968

CONFIANCA: ALTA"
Aluísio Azevedo,21 de janeiro de 1913,desconhecida,ALTA,"Aluísio Tancredo Gonçalves de Azevedo (São Luís, 14 de abril de 1857 – Buenos Aires, 21 de janeiro de 1913) foi um escritor, diplomata e jornalista brasileiro. Célebre por seus romances O Mulato, Casa de pensão e O Cortiço, é considerado o introdutor e principal representante do naturalismo na literatura brasileira.","Em 1918, por iniciativa de Coelho Neto, teve seus restos mortais transladados de Buenos Aires para São Luís, onde repousam definitivamente. Aluísio Azevedo foi um dos fundadores do Silogeu Brasileiro, onde ocupou a cadeira 4, que tem por patrono Basílio da Gama..","Foi Aluísio, irmão mais novo do dramaturgo e jornalista Artur Azevedo, com o qual, em parceria, esboçaria peças teatrais. Ainda pequeno revelava interesse para o desenho e para a pintura, dom que mais tarde lhe auxiliaria na produção literária.","EVIDENCIAS: ""Buenos Aires, 21 de janeiro de 1913"" (data e local de falecimento); ""teve seus restos mortais transladados de Buenos Aires para São Luís"" (indica exéquias), sem menção a causa, doença ou circunstância da morte no texto fornecido.

RACIOCINIO: O texto informa data e local do óbito e o translado dos restos mortais, mas não apresenta qualquer termo médico, descrição de sintomas, evento traumático ou causa (infarto, pneumonia, acidente, assassinato etc.). Conforme a regra de analisar apenas as informações do contexto, não há base para atribuir uma causa específica.

CLASSE: desconhecida

DATA_MORTE: 21 de janeiro de 1913

CONFIANCA: ALTA"
Autran Dourado,30 de setembro de 2012,desconhecida,ALTA,"Waldomiro Freitas Autran Dourado, mais conhecido como Autran Dourado (Patos de Minas, 18 de janeiro de 1926 – Rio de Janeiro, 30 de setembro de 2012), foi um advogado, escritor e jornalista brasileiro. Filho de um juiz, passou sua infância em Monte Santo de Minas e São Sebastião do Paraíso, no estado de Minas Gerais. Aos 17 anos foi para Belo Horizonte, onde cursou direito, enquanto trabalhava como taquígrafo e jornalista. Formou-se em 1949.","Uma espécie de Comédia Humana que mostra a decadência das classes abastadas desde o século XVII. Também publicou ensaios sobre teoria literária, onde expõe seu processo pessoal de produção, traço praticamente único entre os grandes escritores. Autran Dourado também já deixou um livro de memórias, Gaiola aberta, onde aborda seu trabalho no governo de JK. Ganhou vários prêmios literários, entre eles o Prémio Camões, em 2000.","Além disso, frequentemente revela-se também influenciado pelo Barroco mineiro e espanhol, usando uma linguagem obsessivamente trabalhada e trazendo personagens que são arrastados por forças superiores rumo à destruição. O pensamento de filósofos como Platão, Aristóteles, Nietzsche e Schopenhauer também se manifesta nas obras de Autran Dourado. Meus personagens se parecem muito comigo. Eu os conheço muito bem e sofro a angústia que eles sofrem. Não tenho nenhum prazer em escrever.","EVIDENCIAS: ""Faleceu no dia 30 de setembro de 2012 no Rio de Janeiro, aos 86 anos."" (nenhuma menção a causa, doença ou circunstância da morte no texto).

RACIOCINIO: O texto informa apenas a data, o local e a idade ao falecer, sem indicar infarto, câncer, acidente, doença ou qualquer outra causa. Seguindo a regra de analisar apenas as informações fornecidas, não há evidência para atribuir uma causa específica.

CLASSE: desconhecida

DATA_MORTE: 30 de setembro de 2012

CONFIANCA: ALTA"
Ariano Suassuna,23 de julho de 2014,avc,ALTA,"Ariano Suassuna faleceu em 23 de julho de 2014, no Recife, aos 87 anos, vítima de parada cardíaca dois dias após ser internado no Hospital Português do Recife devido a um acidente vascular cerebral hemorrágico. Encontra-se sepultado no cemitério Morada da Paz, em Paulista, município da Região Metropolitana do Recife. No mesmo ano de seu falecimento, como homenagem póstuma, foi celebrado na 10ª Festa Literária Internacional de Pernambuco (FLIPORTO), que ocorreu em Olinda.","Ariano Vilar Suassuna  (João Pessoa, 16 de junho de 1927 – Recife, 23 de julho de 2014) foi um intelectual, escritor, filósofo, dramaturgo, professor, romancista, artista plástico, ensaísta, poeta, político e advogado brasileiro.","Foi sucedido por Zuenir Ventura. Assumiu a cadeira 35 na Academia Paraibana de Letras em 9 de outubro de 2000, cujo patrono é Raul Campelo Machado, sendo recepcionado pelo acadêmico Joacil de Brito Pereira. Ariano morreu no dia 23 de julho de 2014 no Real Hospital Português, no Recife, vítima de uma parada cardíaca.","EVIDENCIAS: ""vítima de parada cardíaca"", ""dois dias após ser internado no Hospital Português do Recife devido a um acidente vascular cerebral hemorrágico"", ""Ariano morreu ... vítima de uma parada cardíaca.""

RACIOCINIO: O texto menciona tanto a parada cardíaca (causa imediata) quanto que a internação ocorreu por um acidente vascular cerebral hemorrágico (causa subjacente que motivou a hospitalização e precedeu a parada). Como há múltiplas causas mencionadas, a classe determinante é o AVC hemorrágico que levou à deterioração e à morte; portanto classifica-se como avc.

CLASSE: avc
DATA_MORTE: 23 de julho de 2014
CONFIANCA: ALTA"
Bernardo Guimarães,10 de março de 1884,desconhecida,ALTA,"Em 1864, volta para o Rio de Janeiro. Em 1866, é nomeado professor de retórica e poética do Liceu Mineiro, de Ouro Preto. Em 1867, casa-se. Em 1873, leciona latim e francês em Queluz (Minas Gerais). Em 1881, é homenageado pelo imperador Dom Pedro II. Morre pobre em 10 de março de 1884. Na ABL, Bernardo Guimarães foi homenageado como patronato da cadeira 5, que teve como fundador Raimundo Correia e na qual tiveram assento figuras exponenciais como Osvaldo Cruz e Rachel de Queiroz.","Bernardo Joaquim da Silva Guimarães (Ouro Preto, 15 de agosto de 1825 – Ouro Preto, 10 de março de 1884) foi um romancista e poeta brasileiro, conhecido pelo romance A Escrava Isaura, sendo o patrono da Cadeira nº 5 da Academia Brasileira de Letras. Filho de João Joaquim da Silva Guimarães, também poeta, e de Constança Beatriz de Oliveira Guimarães.","Exerceu o cargo até 1854. Em 1858, mudou-se para o Rio de Janeiro. Em 1859, trabalhou como jornalista e crítico literário no jornal Atualidade, do Rio de Janeiro. Em 1861, reassumiu o cargo de juiz municipal e de órfãos de Catalão. Foi quando, ao ocupar interinamente o juizado de direito, Bernardo Guimarães convocou uma sessão extraordinária do júri, que liberou 11 réus porque a cadeia não estava em condições de abrigá-los. Em 1864, volta para o Rio de Janeiro.","EVIDENCIAS: ""Morre pobre em 10 de março de 1884."" / ""Ouro Preto, 10 de março de 1884"" (registro de data de óbito); não há menção a doença, acidente, violência ou causa médica.

RACIOCINIO: O texto apenas informa a data e circunstância socioeconômica (""morre pobre"") sem descrever qualquer causa médica, acidente ou violência. Seguindo a regra de usar apenas as informações do contexto, não há base para atribuir uma causa específica.

CLASSE: desconhecida
DATA_MORTE: 10 de março de 1884
CONFIANCA: ALTA"
Gregório de Matos,26 de novembro de 1696,desconhecida,ALTA,"Gregório de Matos e Guerra (Salvador, 23 de dezembro de 1636 – Recife, 26 de novembro de 1696), alcunhado de Boca do Inferno ou Boca de Brasa, foi um advogado e poeta do Brasil Colônia. É considerado um dos maiores poetas do barroco em Portugal e no Brasil e o mais importante poeta satírico da literatura em língua portuguesa no período colonial. Foi o primeiro poeta a cantar o elemento brasileiro, o tipo local, produto do meio geográfico e social.","Em resumo, é aquele que aconselha mas não segue os seus preceitos. Perto de seu fim, Gregório de Matos expressou culpa e arrependimento no que concernia a sua relação com a Igreja Católica. Através de suas obras ""Buscando a Cristo"" e ""A Cristo N. S. Crucificado"", onde procura demonstrar ""a insignificância do homem perante Deus"", onde se percebe, de sua parte, a consciência nítida do pecado e a busca do perdão.","Influenciado pelos mestres espanhóis da Época de Ouro, Góngora, Gracián, Calderón e sobretudo Quevedo, sua poesia é a maior expressão do Barroco literário brasileiro. Um de seus mais antigos biógrafos foi Manuel Pereira Rabelo. Gregório de Matos nasceu numa família abastada, Filho de uma prostituta e de um empreiteiro de obras e funcionário administrativo (seu pai era português, natural de Guimarães).","EVIDENCIAS: Texto fornece apenas local e data de falecimento (""Recife, 26 de novembro de 1696"") e descreve estado moral/espiritual perto do fim (""Perto de seu fim, Gregório de Matos expressou culpa e arrependimento...""), sem menção a doença, acidente ou qualquer causa física/violentа.

RACIOCÍNIO: Não há nenhuma indicação explícita de causa de morte (infarto, câncer, infecção, homicídio, suicídio, AVC, etc.). Seguindо a regra de analisar somente as informações do texto, a ausência de dado sobre causa implica classificação como desconhecida.

CLASSE: desconhecida

DATA_MORTE: 26 de novembro de 1696

CONFIANCA: ALTA"
Dyonelio Machado,19 de junho de 1985,desconhecida,ALTA,"Dyonélio Tubino Machado (Quaraí, 21 de agosto de 1895 – Porto Alegre, 19 de junho de 1985) foi um escritor, romancista, contista, ensaísta, poeta, jornalista, psiquiatra e comunista brasileiro, tendo sido um dos principais expoentes da segunda geração do Modernismo no Brasil. Dyonélio era filho de Sylvio Rodrigues Machado e de Elvira Tubino Machado. Ainda criança, seu pai foi assassinado, acontecimento que lhe marcaria para sempre a existência.","As posições ideológicas de Dyonélio Machado custaram-lhe dois anos de sua vida, passados em prisões políticas. Entretanto, não muda suas convicções, elegendo-se deputado estadual nas eleições de 1946, pelo PCB (ainda legalizado). Tornou-se líder desta bancada na Assembleia Legislativa do Rio Grande do Sul, que contava com Antonio Ribas Pinheiro Machado Neto e Otto Ohlweiler..","Dyonélio foi ainda um dos fundadores da pioneira Associação Rio-grandense de Imprensa (ARI) e, mais tarde, colaborador dos jornais Correio do Povo e Diário de Notícias, da capital gaúcha. Em 1946, com Décio Freitas, fundou o jornal Tribuna Gaúcha, porta-voz do Partido Comunista Brasileiro. A militância politica tornou-se uma extensão de suas atividades como médico e escritor.","EVIDENCIAS: Texto informa apenas ""Porto Alegre, 19 de junho de 1985"" como local e data de óbito; não há menção de doença, acidente, homicídio, suicídio ou qualquer causa médica.

RACIOCINIO: O contexto biográfico fornece a data e o local da morte, mas não descreve circunstâncias ou diagnóstico que permitam enquadrar a causa em qualquer uma das classes disponíveis. Seguindo a regra de analisar apenas as informações apresentadas, a causa deve ser classificada como desconhecida.

CLASSE: desconhecida
DATA_MORTE: 19 de junho de 1985
CONFIANCA: ALTA"
